x,y,event_type,timestamp
10.63,243.94,Damage,0.0
150.99,476.28,Death,0.5
337.88,602.45,Kill,1.0
240.06,83.23,Kill,1.5
244.04,899.17,Damage,2.0
498.53,309.17,Damage,2.5
817.84,996.88,Kill,3.0
340.97,154.89,Kill,3.5
936.7,536.07,Death,4.0
250.19,228.09,Death,4.5
158.86,898.36,Death,5.0
405.24,513.52,Kill,5.5
11.18,666.19,Death,6.0
345.21,926.79,Death,6.5
42.02,887.54,Damage,7.0
701.58,427.14,Death,7.5
171.01,731.85,Damage,8.0
768.15,957.9,Damage,8.5
898.98,360.15,Damage,9.0
337.92,612.55,Kill,9.5
168.31,656.3,Kill,10.0
134.94,533.41,Death,10.5
343.18,46.13,Kill,11.0
439.0,195.12,Damage,11.5
434.14,609.76,Death,12.0
76.41,913.01,Damage,12.5
284.08,830.82,Kill,13.0
116.19,638.05,Kill,13.5
472.44,549.9,Damage,14.0
408.18,603.4,Kill,14.5
570.01,296.23,Damage,15.0
53.65,65.43,Death,15.5
768.98,721.18,Damage,16.0
600.13,838.87,Death,16.5
956.92,211.97,Death,17.0
707.54,326.4,Damage,17.5
853.75,718.94,Death,18.0
867.28,665.53,Death,18.5
142.77,428.8,Death,19.0
182.58,175.29,Kill,19.5
748.17,544.69,Death,20.0
954.37,158.3,Kill,20.5
879.93,935.08,Damage,21.0
860.79,871.4,Kill,21.5
521.58,955.01,Death,22.0
64.16,524.79,Kill,22.5
366.53,841.82,Damage,23.0
433.91,704.07,Damage,23.5
430.04,338.54,Death,24.0
400.46,160.0,Death,24.5
28.03,612.21,Death,25.0
650.59,933.43,Damage,25.5
911.23,475.44,Death,26.0
92.03,494.81,Damage,26.5
14.05,773.15,Damage,27.0
520.93,716.79,Death,27.5
563.82,383.89,Death,28.0
1016.53,861.81,Damage,28.5
833.93,576.3,Kill,29.0
91.89,741.87,Kill,29.5
820.52,730.63,Damage,30.0
573.19,664.87,Death,30.5
161.66,565.49,Death,31.0
714.3,952.55,Kill,31.5
739.48,428.28,Damage,32.0
221.88,433.96,Damage,32.5
804.72,60.96,Death,33.0
794.89,501.75,Damage,33.5
910.63,620.91,Kill,34.0
287.3,961.53,Damage,34.5
769.76,313.52,Death,35.0
715.73,18.64,Death,35.5
801.97,624.55,Death,36.0
816.2,829.62,Death,36.5
941.11,792.37,Damage,37.0
102.14,488.96,Damage,37.5
320.21,875.97,Death,38.0
256.57,587.13,Death,38.5
837.47,652.32,Death,39.0
993.48,81.55,Kill,39.5
256.41,770.28,Damage,40.0
166.53,155.36,Death,40.5
80.47,448.39,Kill,41.0
257.35,665.59,Damage,41.5
303.74,504.78,Kill,42.0
493.09,23.14,Death,42.5
906.94,205.32,Kill,43.0
410.45,375.45,Death,43.5
919.02,384.62,Kill,44.0
652.38,480.38,Kill,44.5
1020.0,9.42,Damage,45.0
329.03,839.0,Death,45.5
768.16,177.76,Damage,46.0
205.82,149.15,Damage,46.5
25.44,386.82,Kill,47.0
671.03,300.25,Kill,47.5
134.37,833.28,Kill,48.0
462.96,461.53,Damage,48.5
413.94,383.48,Kill,49.0
881.22,212.19,Kill,49.5
187.6,486.47,Death,50.0
824.11,809.66,Death,50.5
733.46,247.37,Kill,51.0
9.27,1010.83,Death,51.5
324.74,370.11,Death,52.0
874.5,1014.54,Damage,52.5
39.71,764.79,Damage,53.0
998.42,336.87,Kill,53.5
736.75,537.79,Death,54.0
221.24,20.62,Damage,54.5
563.54,239.97,Damage,55.0
708.08,517.61,Damage,55.5
410.75,837.36,Kill,56.0
343.01,546.76,Death,56.5
374.93,773.85,Kill,57.0
912.13,509.58,Damage,57.5
418.25,962.2,Death,58.0
774.2,924.21,Death,58.5
486.14,656.56,Kill,59.0
202.87,149.44,Damage,59.5
872.71,608.48,Damage,60.0
742.66,180.86,Damage,60.5
777.21,391.3,Damage,61.0
492.17,946.82,Death,61.5
278.36,379.17,Damage,62.0
1016.98,146.02,Death,62.5
149.2,799.45,Damage,63.0
165.59,443.88,Death,63.5
848.56,1010.98,Damage,64.0
211.22,224.77,Damage,64.5
360.6,537.81,Kill,65.0
256.05,87.44,Damage,65.5
330.58,10.39,Death,66.0
871.31,682.46,Death,66.5
126.7,673.15,Kill,67.0
377.44,553.39,Kill,67.5
493.53,4.22,Death,68.0
732.27,179.29,Death,68.5
759.56,227.35,Death,69.0
370.08,347.16,Kill,69.5
140.67,271.82,Damage,70.0
511.46,857.33,Damage,70.5
939.11,1019.28,Damage,71.0
683.53,466.58,Death,71.5
325.82,542.86,Death,72.0
770.58,482.22,Death,72.5
114.44,99.51,Death,73.0
616.53,968.14,Death,73.5
188.95,873.67,Damage,74.0
345.75,333.05,Kill,74.5
202.18,888.91,Death,75.0
427.91,294.1,Damage,75.5
634.29,92.37,Damage,76.0
984.39,584.54,Damage,76.5
606.03,972.34,Kill,77.0
658.91,66.49,Kill,77.5
515.55,940.22,Death,78.0
916.15,999.12,Damage,78.5
51.65,360.49,Death,79.0
325.54,184.66,Death,79.5
926.62,366.44,Damage,80.0
704.01,65.16,Death,80.5
794.48,555.91,Death,81.0
757.13,721.44,Damage,81.5
267.02,736.05,Damage,82.0
361.17,757.66,Damage,82.5
768.92,221.52,Kill,83.0
387.54,72.71,Death,83.5
439.91,889.87,Kill,84.0
261.69,379.01,Death,84.5
50.32,265.14,Kill,85.0
945.47,150.99,Damage,85.5
165.75,327.29,Death,86.0
66.05,278.44,Kill,86.5
393.47,149.54,Death,87.0
284.32,444.6,Kill,87.5
472.29,494.4,Death,88.0
407.29,367.19,Death,88.5
550.48,122.97,Damage,89.0
894.77,566.77,Death,89.5
655.62,650.07,Death,90.0
405.18,192.64,Damage,90.5
329.86,891.96,Death,91.0
1002.82,17.7,Death,91.5
161.62,213.58,Death,92.0
652.77,994.75,Kill,92.5
965.23,113.89,Kill,93.0
571.9,208.66,Kill,93.5
282.03,69.45,Kill,94.0
63.16,944.91,Kill,94.5
98.71,86.45,Death,95.0
41.21,875.01,Kill,95.5
853.46,419.78,Kill,96.0
8.2,399.73,Kill,96.5
109.98,80.3,Damage,97.0
864.64,855.49,Damage,97.5
65.07,191.15,Kill,98.0
555.41,592.15,Death,98.5
612.82,41.08,Damage,99.0
832.51,608.96,Death,99.5
724.44,755.84,Damage,100.0
249.21,222.88,Damage,100.5
692.7,714.72,Death,101.0
994.16,355.74,Damage,101.5
625.75,965.23,Damage,102.0
615.02,355.51,Kill,102.5
127.45,959.14,Kill,103.0
560.57,873.0,Death,103.5
1011.59,352.55,Death,104.0
350.74,797.51,Kill,104.5
962.75,733.9,Damage,105.0
334.53,279.0,Kill,105.5
16.74,229.17,Damage,106.0
242.13,1012.4,Kill,106.5
734.63,905.95,Death,107.0
241.24,737.05,Kill,107.5
378.95,365.63,Kill,108.0
57.54,473.35,Kill,108.5
559.98,110.83,Kill,109.0
264.78,904.57,Kill,109.5
361.36,204.04,Kill,110.0
628.05,601.08,Kill,110.5
201.2,979.32,Death,111.0
132.14,157.75,Damage,111.5
394.56,116.48,Kill,112.0
755.44,187.14,Kill,112.5
901.77,844.01,Kill,113.0
560.35,469.14,Death,113.5
727.88,514.55,Death,114.0
106.94,287.3,Kill,114.5
392.09,918.83,Death,115.0
817.16,237.62,Damage,115.5
559.51,375.96,Death,116.0
657.56,105.79,Kill,116.5
220.85,792.86,Death,117.0
165.58,652.33,Death,117.5
741.02,940.0,Damage,118.0
594.8,696.14,Death,118.5
554.23,1018.7,Damage,119.0
211.01,281.29,Damage,119.5
201.18,255.95,Death,120.0
888.21,709.55,Damage,120.5
427.19,110.12,Damage,121.0
283.23,265.0,Death,121.5
819.17,280.93,Death,122.0
511.84,916.21,Death,122.5
251.45,903.37,Damage,123.0
899.9,738.52,Death,123.5
38.08,115.49,Damage,124.0
611.08,34.74,Damage,124.5
17.13,829.99,Damage,125.0
691.61,720.35,Damage,125.5
673.21,601.7,Kill,126.0
266.44,533.64,Death,126.5
531.14,169.32,Kill,127.0
844.33,866.49,Kill,127.5
579.09,380.21,Kill,128.0
858.49,370.48,Damage,128.5
518.09,615.32,Kill,129.0
314.45,860.05,Death,129.5
776.58,740.44,Damage,130.0
808.24,339.84,Kill,130.5
689.75,932.22,Damage,131.0
695.63,689.21,Kill,131.5
420.09,887.41,Damage,132.0
28.29,149.81,Death,132.5
269.89,1009.01,Damage,133.0
1022.12,997.29,Death,133.5
962.18,485.88,Death,134.0
739.24,196.4,Kill,134.5
92.58,732.05,Death,135.0
66.61,969.12,Kill,135.5
113.62,462.35,Death,136.0
681.94,406.29,Death,136.5
824.66,121.35,Damage,137.0
907.61,850.69,Damage,137.5
384.14,500.23,Death,138.0
648.25,486.53,Death,138.5
491.97,598.68,Kill,139.0
720.18,970.87,Kill,139.5
456.69,202.51,Kill,140.0
82.04,662.27,Damage,140.5
700.59,192.76,Damage,141.0
55.36,389.08,Kill,141.5
963.21,413.19,Death,142.0
27.1,259.59,Damage,142.5
1007.23,221.76,Death,143.0
564.6,870.08,Damage,143.5
57.39,187.72,Death,144.0
816.02,693.09,Damage,144.5
538.81,587.23,Death,145.0
142.16,306.73,Death,145.5
301.12,637.1,Damage,146.0
769.2,903.73,Kill,146.5
913.77,421.11,Kill,147.0
943.88,415.69,Damage,147.5
1000.09,175.43,Death,148.0
65.17,600.61,Damage,148.5
775.77,234.14,Damage,149.0
905.68,49.59,Kill,149.5
746.52,85.47,Death,150.0
840.01,257.32,Damage,150.5
1002.47,183.72,Damage,151.0
440.84,895.08,Damage,151.5
371.39,794.24,Kill,152.0
452.59,630.14,Death,152.5
618.61,951.27,Kill,153.0
157.99,683.96,Death,153.5
144.7,983.07,Death,154.0
762.44,149.86,Death,154.5
522.03,912.95,Death,155.0
323.17,878.24,Death,155.5
854.02,713.51,Death,156.0
525.96,438.85,Kill,156.5
3.8,232.53,Kill,157.0
643.88,291.17,Damage,157.5
959.32,284.52,Damage,158.0
489.19,242.34,Death,158.5
296.31,793.49,Kill,159.0
861.87,502.73,Kill,159.5
355.78,142.72,Death,160.0
106.79,667.24,Damage,160.5
854.31,778.37,Damage,161.0
844.2,863.03,Damage,161.5
459.13,745.91,Damage,162.0
598.13,940.66,Death,162.5
823.23,821.35,Death,163.0
908.26,749.4,Damage,163.5
167.85,29.6,Damage,164.0
325.95,772.97,Kill,164.5
425.31,334.93,Death,165.0
308.32,347.35,Damage,165.5
485.92,832.54,Death,166.0
659.64,498.86,Damage,166.5
241.6,281.46,Damage,167.0
843.84,360.0,Damage,167.5
719.18,252.53,Damage,168.0
419.41,749.4,Death,168.5
597.25,619.08,Death,169.0
407.57,934.66,Death,169.5
63.63,931.33,Death,170.0
342.13,696.45,Death,170.5
423.55,210.19,Kill,171.0
793.85,682.29,Damage,171.5
505.62,550.39,Death,172.0
622.06,193.14,Kill,172.5
527.07,403.1,Damage,173.0
150.23,578.56,Death,173.5
412.13,365.52,Damage,174.0
82.01,729.56,Death,174.5
639.15,591.84,Damage,175.0
409.83,823.72,Kill,175.5
463.22,42.32,Kill,176.0
674.45,588.41,Kill,176.5
548.24,260.56,Kill,177.0
791.45,435.56,Damage,177.5
878.12,942.7,Damage,178.0
913.44,755.75,Kill,178.5
247.92,337.23,Death,179.0
34.31,256.78,Death,179.5
923.0,521.61,Kill,180.0
770.88,756.98,Damage,180.5
86.53,786.13,Damage,181.0
872.94,715.19,Death,181.5
82.22,75.95,Death,182.0
879.18,450.92,Damage,182.5
373.76,898.2,Kill,183.0
449.1,333.59,Death,183.5
870.76,381.21,Kill,184.0
90.01,893.25,Death,184.5
808.89,590.72,Death,185.0
95.43,284.15,Death,185.5
745.36,387.12,Death,186.0
341.42,582.77,Damage,186.5
95.98,189.45,Death,187.0
837.05,616.86,Kill,187.5
1017.88,728.56,Death,188.0
730.05,569.67,Death,188.5
799.39,786.35,Kill,189.0
616.78,977.97,Kill,189.5
225.01,598.14,Damage,190.0
329.83,287.37,Damage,190.5
317.87,599.49,Kill,191.0
105.3,514.72,Damage,191.5
972.73,497.07,Damage,192.0
1015.06,473.0,Kill,192.5
14.34,71.45,Kill,193.0
866.75,389.8,Kill,193.5
640.99,767.6,Kill,194.0
823.49,296.97,Damage,194.5
867.86,484.32,Death,195.0
222.71,560.27,Death,195.5
553.51,661.05,Kill,196.0
30.45,123.91,Death,196.5
645.65,446.71,Kill,197.0
312.69,373.06,Death,197.5
942.29,342.98,Death,198.0
831.88,204.33,Kill,198.5
851.86,496.97,Death,199.0
882.45,395.45,Damage,199.5
325.97,703.27,Kill,200.0
946.06,317.04,Damage,200.5
828.92,768.63,Kill,201.0
858.69,210.15,Death,201.5
612.75,433.05,Kill,202.0
584.1,855.67,Kill,202.5
369.14,746.61,Kill,203.0
405.45,367.43,Kill,203.5
638.42,261.63,Damage,204.0
688.82,661.06,Death,204.5
85.33,446.43,Damage,205.0
533.43,163.31,Death,205.5
710.9,977.83,Kill,206.0
737.78,450.54,Kill,206.5
697.9,160.67,Kill,207.0
1015.6,901.61,Death,207.5
130.59,54.44,Death,208.0
248.91,632.27,Damage,208.5
141.38,845.64,Damage,209.0
930.56,691.35,Death,209.5
775.22,428.48,Death,210.0
308.22,279.68,Death,210.5
875.34,260.76,Kill,211.0
968.52,643.85,Damage,211.5
604.28,624.4,Kill,212.0
701.81,206.79,Damage,212.5
172.25,403.22,Death,213.0
565.74,635.39,Death,213.5
472.47,591.65,Damage,214.0
618.48,414.78,Damage,214.5
829.09,102.92,Damage,215.0
651.12,545.03,Kill,215.5
774.68,866.17,Death,216.0
730.84,947.56,Damage,216.5
105.61,22.71,Damage,217.0
830.4,615.15,Kill,217.5
45.45,262.72,Damage,218.0
1020.77,146.82,Death,218.5
835.4,457.2,Death,219.0
582.36,539.1,Death,219.5
86.69,358.08,Kill,220.0
995.02,37.61,Kill,220.5
991.33,408.31,Kill,221.0
108.54,20.66,Kill,221.5
6.7,473.66,Damage,222.0
775.42,342.82,Death,222.5
932.64,859.3,Death,223.0
695.7,242.68,Death,223.5
206.77,334.91,Death,224.0
415.43,877.61,Kill,224.5
263.96,995.04,Damage,225.0
928.34,976.29,Death,225.5
213.39,371.26,Death,226.0
857.21,135.46,Death,226.5
12.13,789.92,Kill,227.0
385.81,544.0,Kill,227.5
656.08,335.98,Kill,228.0
259.53,870.57,Death,228.5
176.73,112.75,Kill,229.0
196.83,911.83,Death,229.5
69.3,808.71,Death,230.0
216.47,759.1,Damage,230.5
776.56,767.3,Death,231.0
186.71,702.98,Damage,231.5
331.19,626.1,Kill,232.0
66.31,568.7,Damage,232.5
738.78,354.1,Damage,233.0
9.42,375.71,Death,233.5
994.6,226.77,Death,234.0
84.55,97.08,Kill,234.5
387.03,488.54,Damage,235.0
732.81,375.4,Kill,235.5
376.13,1004.23,Damage,236.0
214.53,26.57,Kill,236.5
669.61,705.75,Kill,237.0
414.68,38.55,Damage,237.5
667.67,391.25,Death,238.0
712.65,611.59,Kill,238.5
691.83,634.64,Death,239.0
582.67,876.7,Death,239.5
288.35,208.06,Damage,240.0
191.33,445.36,Kill,240.5
23.01,853.51,Kill,241.0
759.15,62.82,Kill,241.5
365.83,687.52,Damage,242.0
93.87,705.35,Death,242.5
289.96,86.04,Damage,243.0
130.87,170.72,Death,243.5
696.13,40.36,Kill,244.0
283.06,487.48,Kill,244.5
517.7,714.84,Death,245.0
848.77,519.46,Damage,245.5
307.62,1002.25,Damage,246.0
345.63,267.52,Death,246.5
812.29,314.14,Death,247.0
975.64,104.27,Kill,247.5
608.76,19.7,Death,248.0
554.53,533.13,Damage,248.5
608.21,27.82,Kill,249.0
634.43,773.0,Kill,249.5
460.36,572.83,Death,250.0
593.05,777.5,Kill,250.5
369.04,649.25,Kill,251.0
142.03,698.03,Damage,251.5
200.44,494.98,Kill,252.0
638.71,223.64,Kill,252.5
157.26,378.43,Damage,253.0
507.69,465.54,Death,253.5
23.94,113.11,Kill,254.0
871.41,805.98,Damage,254.5
889.41,852.9,Death,255.0
626.46,779.87,Damage,255.5
713.26,893.01,Kill,256.0
921.66,1017.28,Death,256.5
475.83,213.87,Damage,257.0
14.12,654.85,Death,257.5
990.88,327.24,Death,258.0
776.21,861.31,Kill,258.5
313.07,267.19,Damage,259.0
335.33,891.28,Kill,259.5
556.6,507.88,Damage,260.0
564.35,481.88,Kill,260.5
572.33,956.17,Death,261.0
614.09,599.16,Kill,261.5
574.2,326.04,Kill,262.0
997.95,131.22,Damage,262.5
754.8,346.54,Death,263.0
793.17,455.33,Damage,263.5
573.0,370.44,Kill,264.0
67.36,320.62,Damage,264.5
946.91,401.76,Death,265.0
805.71,628.17,Death,265.5
347.87,106.23,Kill,266.0
970.68,605.75,Damage,266.5
771.82,498.1,Damage,267.0
738.98,282.2,Death,267.5
568.46,60.7,Death,268.0
320.4,618.18,Kill,268.5
219.15,1008.43,Death,269.0
532.07,836.16,Death,269.5
279.65,37.73,Kill,270.0
312.94,524.36,Death,270.5
83.65,956.95,Kill,271.0
798.71,355.43,Kill,271.5
332.5,113.48,Damage,272.0
504.85,940.05,Damage,272.5
898.47,757.08,Damage,273.0
723.74,900.54,Damage,273.5
81.17,680.81,Death,274.0
686.77,655.62,Death,274.5
990.33,32.08,Death,275.0
381.46,228.44,Damage,275.5
70.57,893.19,Kill,276.0
984.12,347.15,Damage,276.5
649.97,1023.37,Damage,277.0
872.73,866.45,Kill,277.5
934.85,840.73,Kill,278.0
499.94,100.29,Death,278.5
1015.7,904.16,Damage,279.0
177.49,198.43,Kill,279.5
168.99,36.22,Death,280.0
294.75,550.65,Damage,280.5
597.95,247.75,Death,281.0
672.44,817.37,Death,281.5
711.65,157.25,Death,282.0
788.3,247.86,Damage,282.5
542.39,746.91,Kill,283.0
718.6,420.81,Death,283.5
411.1,924.77,Death,284.0
534.43,166.04,Kill,284.5
743.7,585.83,Damage,285.0
219.68,657.44,Kill,285.5
45.04,740.29,Damage,286.0
661.47,659.0,Damage,286.5
702.12,485.46,Damage,287.0
352.52,292.62,Damage,287.5
752.15,964.23,Damage,288.0
186.4,831.32,Death,288.5
471.18,469.25,Kill,289.0
341.46,819.35,Damage,289.5
374.3,401.9,Damage,290.0
674.68,696.31,Kill,290.5
244.67,200.0,Kill,291.0
442.22,564.79,Damage,291.5
959.55,71.09,Kill,292.0
137.36,681.1,Kill,292.5
402.78,309.59,Kill,293.0
653.01,440.23,Damage,293.5
265.92,122.29,Damage,294.0
19.07,365.01,Damage,294.5
320.43,902.78,Death,295.0
410.14,283.19,Death,295.5
140.35,1022.98,Damage,296.0
270.35,305.95,Death,296.5
955.45,864.61,Damage,297.0
10.86,649.1,Kill,297.5
443.0,666.77,Death,298.0
891.32,549.49,Kill,298.5
900.04,780.09,Kill,299.0
383.01,1009.55,Death,299.5
717.97,176.07,Kill,300.0
588.24,53.4,Damage,300.5
819.88,820.77,Death,301.0
192.44,261.45,Damage,301.5
86.65,493.42,Damage,302.0
72.83,528.58,Death,302.5
458.62,213.54,Damage,303.0
907.55,130.76,Death,303.5
224.47,333.75,Death,304.0
948.05,737.89,Damage,304.5
164.64,648.06,Death,305.0
646.97,291.9,Death,305.5
749.2,208.28,Kill,306.0
958.09,106.3,Death,306.5
795.93,644.29,Death,307.0
495.54,41.17,Death,307.5
836.75,298.37,Damage,308.0
217.93,999.27,Death,308.5
443.98,2.79,Kill,309.0
320.17,478.72,Death,309.5
976.98,527.74,Kill,310.0
151.97,563.33,Death,310.5
88.79,574.38,Kill,311.0
694.01,397.57,Damage,311.5
781.81,724.72,Damage,312.0
59.65,326.92,Damage,312.5
806.93,863.33,Death,313.0
765.41,443.55,Kill,313.5
64.79,163.55,Kill,314.0
76.28,864.68,Death,314.5
933.16,700.25,Damage,315.0
938.15,250.32,Kill,315.5
864.32,242.92,Death,316.0
908.88,328.15,Death,316.5
281.2,658.0,Damage,317.0
171.46,674.22,Death,317.5
44.2,446.41,Death,318.0
680.89,370.57,Death,318.5
624.37,23.06,Kill,319.0
481.28,464.38,Kill,319.5
731.14,731.97,Kill,320.0
719.09,665.42,Damage,320.5
843.35,308.06,Death,321.0
999.6,1014.75,Kill,321.5
863.11,931.63,Damage,322.0
23.28,337.46,Damage,322.5
786.48,112.64,Damage,323.0
607.01,162.35,Death,323.5
1007.19,686.06,Kill,324.0
783.12,626.2,Death,324.5
172.68,243.19,Kill,325.0
899.89,55.91,Damage,325.5
961.23,174.14,Kill,326.0
915.55,897.66,Death,326.5
422.45,310.73,Death,327.0
627.89,732.92,Death,327.5
881.41,490.77,Death,328.0
423.14,766.05,Kill,328.5
118.37,45.1,Death,329.0
499.24,413.49,Kill,329.5
994.54,287.87,Damage,330.0
164.88,152.33,Kill,330.5
441.1,997.7,Damage,331.0
560.5,575.95,Death,331.5
201.84,214.01,Death,332.0
65.89,603.65,Death,332.5
679.7,143.8,Death,333.0
672.69,379.12,Damage,333.5
482.01,151.83,Damage,334.0
829.44,395.25,Damage,334.5
81.26,840.04,Damage,335.0
270.33,24.05,Death,335.5
472.89,224.42,Damage,336.0
541.75,27.08,Damage,336.5
199.81,35.87,Kill,337.0
581.29,529.2,Death,337.5
282.6,707.04,Damage,338.0
366.5,58.48,Death,338.5
509.92,52.45,Kill,339.0
295.37,579.81,Damage,339.5
668.76,158.54,Kill,340.0
184.96,545.66,Death,340.5
509.93,548.79,Kill,341.0
891.66,697.06,Damage,341.5
367.52,540.43,Death,342.0
460.82,813.53,Kill,342.5
111.67,341.85,Death,343.0
946.09,544.09,Damage,343.5
677.32,340.64,Death,344.0
142.26,264.74,Kill,344.5
37.46,253.26,Death,345.0
764.88,490.0,Damage,345.5
389.44,339.96,Damage,346.0
329.82,661.27,Kill,346.5
872.75,685.06,Death,347.0
474.59,500.67,Damage,347.5
423.75,819.57,Kill,348.0
653.02,860.08,Death,348.5
140.04,624.01,Damage,349.0
898.16,771.96,Death,349.5
536.63,897.7,Death,350.0
633.91,666.88,Death,350.5
80.29,983.29,Death,351.0
183.93,193.98,Death,351.5
517.07,854.64,Kill,352.0
237.71,433.9,Death,352.5
1017.61,319.08,Damage,353.0
653.31,736.93,Damage,353.5
734.32,537.92,Death,354.0
824.78,65.74,Damage,354.5
202.78,657.21,Death,355.0
815.88,686.25,Damage,355.5
998.82,300.92,Kill,356.0
423.17,798.92,Death,356.5
794.62,154.02,Damage,357.0
68.6,234.59,Death,357.5
720.39,567.94,Kill,358.0
696.64,533.61,Kill,358.5
676.59,403.61,Kill,359.0
315.65,365.41,Kill,359.5
778.72,981.88,Kill,360.0
765.33,839.08,Death,360.5
963.8,409.75,Damage,361.0
937.45,229.56,Kill,361.5
4.09,256.65,Damage,362.0
329.29,863.12,Death,362.5
699.12,27.74,Damage,363.0
206.69,87.17,Kill,363.5
344.58,499.88,Death,364.0
519.46,178.42,Death,364.5
99.67,355.6,Kill,365.0
243.2,928.33,Damage,365.5
495.31,184.98,Kill,366.0
339.41,270.57,Death,366.5
1015.01,560.88,Damage,367.0
98.39,769.41,Death,367.5
239.98,189.27,Kill,368.0
158.51,993.9,Death,368.5
252.32,477.36,Damage,369.0
757.61,520.13,Death,369.5
92.12,329.65,Damage,370.0
1009.03,687.65,Damage,370.5
270.39,696.95,Damage,371.0
301.63,989.8,Death,371.5
925.92,54.83,Death,372.0
2.95,300.93,Death,372.5
579.91,697.37,Death,373.0
674.71,8.52,Damage,373.5
609.66,297.35,Kill,374.0
800.23,84.12,Kill,374.5
639.44,497.76,Damage,375.0
686.28,678.48,Death,375.5
247.5,907.24,Death,376.0
321.67,815.83,Damage,376.5
970.64,738.04,Kill,377.0
888.61,631.3,Damage,377.5
977.14,1019.62,Kill,378.0
341.33,23.47,Damage,378.5
783.56,592.93,Kill,379.0
972.71,434.26,Kill,379.5
256.75,725.3,Damage,380.0
905.28,927.92,Kill,380.5
601.01,573.69,Death,381.0
652.63,277.74,Death,381.5
245.58,1008.15,Death,382.0
409.79,303.16,Death,382.5
148.5,745.08,Kill,383.0
180.78,667.38,Damage,383.5
748.27,35.71,Kill,384.0
678.37,690.0,Kill,384.5
675.82,303.24,Death,385.0
406.24,235.07,Damage,385.5
510.53,565.64,Damage,386.0
208.11,848.74,Damage,386.5
699.83,598.01,Kill,387.0
639.67,879.71,Damage,387.5
553.82,778.67,Death,388.0
379.16,736.61,Damage,388.5
893.48,719.78,Death,389.0
929.15,709.92,Kill,389.5
729.4,640.87,Death,390.0
898.83,815.23,Death,390.5
957.77,688.83,Damage,391.0
110.8,988.43,Death,391.5
114.78,262.64,Kill,392.0
204.26,446.71,Damage,392.5
157.22,528.03,Kill,393.0
1017.17,966.87,Kill,393.5
420.48,695.83,Death,394.0
453.01,235.77,Kill,394.5
783.31,734.07,Death,395.0
975.01,335.12,Damage,395.5
24.58,1023.26,Death,396.0
729.08,3.46,Damage,396.5
107.23,431.99,Death,397.0
273.76,284.72,Death,397.5
363.97,572.86,Kill,398.0
548.15,414.1,Damage,398.5
782.48,132.94,Kill,399.0
288.26,513.71,Death,399.5
792.89,567.34,Kill,400.0
245.95,1013.78,Death,400.5
918.21,195.73,Damage,401.0
556.36,1003.89,Death,401.5
836.51,56.54,Death,402.0
197.78,712.01,Kill,402.5
305.59,483.75,Damage,403.0
505.99,164.33,Death,403.5
134.47,389.49,Kill,404.0
928.8,608.96,Damage,404.5
80.79,357.04,Death,405.0
839.21,108.95,Death,405.5
589.24,22.55,Death,406.0
411.92,613.14,Damage,406.5
675.75,329.67,Death,407.0
871.91,781.47,Damage,407.5
965.08,954.25,Damage,408.0
1001.21,878.92,Death,408.5
552.23,176.72,Damage,409.0
500.29,248.43,Kill,409.5
932.42,116.4,Kill,410.0
619.42,864.2,Damage,410.5
946.11,105.4,Damage,411.0
637.06,355.39,Death,411.5
20.12,1019.58,Damage,412.0
878.96,74.17,Damage,412.5
612.31,45.79,Kill,413.0
354.96,533.69,Damage,413.5
576.36,72.46,Death,414.0
211.97,832.34,Kill,414.5
133.23,233.41,Damage,415.0
165.31,566.03,Death,415.5
945.32,976.85,Kill,416.0
679.42,510.94,Death,416.5
368.08,655.86,Kill,417.0
972.23,405.09,Kill,417.5
981.87,391.42,Damage,418.0
708.52,600.17,Kill,418.5
125.19,770.7,Death,419.0
646.67,900.04,Death,419.5
718.69,123.51,Death,420.0
712.88,451.47,Death,420.5
629.87,337.01,Damage,421.0
836.35,101.51,Death,421.5
631.4,945.41,Kill,422.0
689.09,976.35,Kill,422.5
336.09,125.61,Damage,423.0
8.3,880.11,Damage,423.5
909.54,922.33,Kill,424.0
228.63,317.79,Kill,424.5
529.2,48.14,Death,425.0
314.87,1007.03,Death,425.5
63.7,747.18,Kill,426.0
380.58,414.25,Damage,426.5
784.98,177.8,Death,427.0
161.71,168.23,Death,427.5
974.83,1005.04,Damage,428.0
750.73,966.2,Kill,428.5
352.32,148.38,Death,429.0
619.51,121.65,Kill,429.5
221.96,781.58,Death,430.0
726.43,87.15,Kill,430.5
270.24,28.28,Kill,431.0
957.54,645.47,Damage,431.5
507.5,678.81,Kill,432.0
569.06,257.82,Kill,432.5
516.94,605.2,Death,433.0
502.85,827.21,Kill,433.5
861.47,757.18,Death,434.0
368.89,4.61,Damage,434.5
1012.5,219.24,Death,435.0
649.01,756.19,Kill,435.5
298.88,50.02,Kill,436.0
354.58,248.94,Kill,436.5
795.1,1022.19,Death,437.0
249.79,18.42,Death,437.5
129.66,216.38,Kill,438.0
394.13,210.46,Kill,438.5
839.48,978.97,Kill,439.0
412.54,515.46,Damage,439.5
522.37,570.09,Damage,440.0
873.47,651.26,Damage,440.5
1014.05,958.09,Death,441.0
251.29,62.55,Death,441.5
503.48,585.54,Damage,442.0
979.89,871.61,Damage,442.5
896.0,157.52,Damage,443.0
556.32,814.18,Kill,443.5
681.22,537.96,Death,444.0
111.48,922.56,Death,444.5
303.01,409.6,Death,445.0
316.63,361.49,Kill,445.5
280.43,134.04,Kill,446.0
839.9,753.53,Damage,446.5
658.77,713.39,Damage,447.0
768.07,234.61,Death,447.5
615.4,981.08,Death,448.0
797.16,146.31,Death,448.5
612.58,639.5,Damage,449.0
448.81,890.27,Kill,449.5
79.51,996.6,Damage,450.0
846.21,870.66,Death,450.5
320.69,267.17,Damage,451.0
244.17,188.29,Damage,451.5
510.74,164.64,Kill,452.0
529.32,557.87,Damage,452.5
839.04,723.19,Death,453.0
279.97,42.23,Damage,453.5
945.71,976.8,Death,454.0
67.24,690.76,Damage,454.5
42.55,688.32,Damage,455.0
318.49,444.03,Death,455.5
422.73,482.56,Damage,456.0
665.92,273.04,Kill,456.5
592.91,59.9,Damage,457.0
854.28,634.3,Death,457.5
287.37,615.38,Death,458.0
925.0,362.12,Damage,458.5
732.76,641.89,Death,459.0
521.3,347.64,Damage,459.5
754.75,327.52,Kill,460.0
82.82,958.88,Damage,460.5
820.87,1019.57,Damage,461.0
125.9,449.84,Kill,461.5
504.43,320.7,Death,462.0
1012.23,930.36,Damage,462.5
686.08,456.96,Damage,463.0
54.51,925.39,Kill,463.5
494.0,709.65,Kill,464.0
741.86,554.91,Kill,464.5
371.89,984.53,Kill,465.0
861.24,562.65,Damage,465.5
14.6,103.21,Damage,466.0
807.84,460.32,Kill,466.5
981.1,210.29,Death,467.0
99.84,559.25,Kill,467.5
27.87,606.65,Death,468.0
175.13,34.55,Damage,468.5
466.03,149.89,Damage,469.0
177.76,365.83,Damage,469.5
326.06,847.22,Death,470.0
689.13,112.63,Kill,470.5
1023.91,910.4,Kill,471.0
787.73,618.3,Death,471.5
19.35,696.03,Kill,472.0
691.46,797.12,Damage,472.5
985.23,933.54,Damage,473.0
465.57,566.46,Kill,473.5
533.05,23.15,Kill,474.0
927.79,364.98,Damage,474.5
634.87,347.12,Death,475.0
533.13,184.28,Death,475.5
525.26,775.14,Kill,476.0
827.98,395.74,Damage,476.5
649.49,846.09,Kill,477.0
268.57,203.18,Damage,477.5
557.14,154.46,Kill,478.0
343.62,126.04,Damage,478.5
185.81,868.42,Death,479.0
116.51,902.8,Death,479.5
966.32,111.02,Kill,480.0
592.06,787.25,Damage,480.5
606.16,139.06,Damage,481.0
456.28,733.44,Death,481.5
876.05,748.58,Damage,482.0
82.64,409.91,Kill,482.5
392.34,350.16,Damage,483.0
297.97,800.81,Death,483.5
579.31,829.76,Kill,484.0
197.87,821.73,Kill,484.5
2.82,773.85,Kill,485.0
50.45,630.28,Damage,485.5
359.48,693.91,Kill,486.0
645.1,845.18,Kill,486.5
178.16,489.66,Kill,487.0
245.21,623.87,Damage,487.5
3.45,363.88,Kill,488.0
983.79,55.41,Damage,488.5
840.0,958.27,Damage,489.0
435.35,627.58,Death,489.5
948.27,879.29,Death,490.0
523.81,48.63,Death,490.5
1009.92,794.69,Kill,491.0
982.79,970.19,Death,491.5
556.84,129.89,Damage,492.0
573.79,725.82,Kill,492.5
35.94,669.78,Kill,493.0
691.86,291.73,Death,493.5
41.72,624.83,Damage,494.0
617.83,345.93,Kill,494.5
53.57,624.36,Kill,495.0
822.67,751.87,Kill,495.5
597.87,757.42,Kill,496.0
358.82,700.44,Damage,496.5
405.97,839.51,Kill,497.0
87.38,751.21,Kill,497.5
249.95,385.23,Death,498.0
488.41,357.36,Death,498.5
685.8,372.03,Kill,499.0
201.56,604.31,Kill,499.5
